Workbook
Name Slicer_Odeme_Durumu: #N/A

Sheet Pivot_Musteri
A3: Sum of Toplam_Tutar | B3: Column Labels
A4: Row Labels | B4: Bekliyor | C4: Grand Total
A5: Deniz AŞ | B5: 9000 | C5: 9000
A6: Eksen Ltd | B6: 5000 | C6: 5000
A7: Mavi AŞ | B7: 9000 | C7: 9000
A8: Nova Ltd | B8: 4000 | C8: 4000
A9: Grand Total | B9: 27000 | C9: 27000

Sheet Pivot_Kategori
A3: Sum of Toplam_Tutar | B3: Column Labels
A4: Row Labels | B4: Bekliyor | C4: Grand Total
A5: Bakım | B5: 5000 | C5: 5000
A6: Danışmanlık | B6: 9000 | C6: 9000
A7: Lojistik | B7: 4000 | C7: 4000
A8: Yazılım | B8: 9000 | C8: 9000
A9: Grand Total | B9: 27000 | C9: 27000

Sheet Fatura_Takip_Dashboard.xlsx
A1: Fatura Takip Dashboardu
A4: Toplam Fatura Tutarı | B4: Gecikmiş Tutar | C4: Ortalama Fatura Tutarı
A5: =SUM(Table1[Toplam_Tutar]) -> 32500 | B5: =SUMIFS(Table1[Toplam_Tutar],Table1[Son_Odeme_Tarihi],"<"&TODAY(),Table1[Odeme_Durumu],"Bekliyor") -> 23000 | C5: =AVERAGE(Table1[Toplam_Tutar]) -> 5416.6667
A6: Ödenen Tutar | B6: Bekleyen Tutar | C6: Gecikmiş Fatura Sayısı | D6: Tahsilat Oranı
A7: =SUMIF(Table1[Odeme_Durumu],"Ödendi",Table1[Toplam_Tutar]) -> 5500 | B7: =SUMIF(Table1[Odeme_Durumu],"Bekliyor",Table1[Toplam_Tutar]) -> 27000 | C7: =COUNTIFS(Table1[Son_Odeme_Tarihi],"<"&TODAY(),Table1[Odeme_Durumu],"Bekliyor") -> 3 | D7: =IFERROR(SUMIF(Table1[Odeme_Durumu],"Ödendi",Table1[Toplam_Tutar])/SUM(Table1[Toplam_Tutar]),0) -> 0.16923077

Sheet Fatura_Takip
A1: Fatura_ID | B1: Fatura_Tarihi | C1: Müşteri | D1: Kategori | E1: Adet | F1: Birim_Fiyat | G1: Toplam_Tutar | H1: Son_Odeme_Tarihi | I1: Odeme_Durumu | J1: Şehir | K1: Takip_Durumu | L1: Toplam Fatura Tutarı | N1: Gecikmiş Tutar | P1: Ortalama Fatura Tutarı
A2: INV-1001 | B2: 20.08.2026 | C2: Atlas Ltd | D2: Ofis | E2: 10 | F2: 250 | G2: =E2*F2 -> 2500 | H2: 46264 | I2: Ödendi | J2: =VLOOKUP(C2,Müşteri_Bilgileri!$A$2:$C$6,2,FALSE) -> İstanbul | K2: =IF(I2="Ödendi","Kapandı",IF(H2<TODAY(),"Gecikmiş","Bekliyor")) -> Kapandı | L2: =SUM(Table1[Toplam_Tutar]) -> 32500 | N2: =SUMIFS(G2:G7,H2:H7,"<"&TODAY(),I2:I7,"Bekliyor") -> 23000 | P2: =AVERAGE(Table1[Toplam_Tutar]) -> 5416.6667
A3: INV-1002 | B3: 22.08.2026 | C3: Mavi AŞ | D3: Yazılım | E3: 2 | F3: 4500 | G3: =E3*F3 -> 9000 | H3: 46266 | I3: Bekliyor | J3: =VLOOKUP(C3,Müşteri_Bilgileri!$A$2:$C$6,2,FALSE) -> Ankara | K3: =IF(I3="Ödendi","Kapandı",IF(H3<TODAY(),"Gecikmiş","Bekliyor")) -> Gecikmiş
A4: INV-1003 | B4: 24.08.2026 | C4: Nova Ltd | D4: Lojistik | E4: 5 | F4: 800 | G4: =E4*F4 -> 4000 | H4: 46270 | I4: Bekliyor | J4: =VLOOKUP(C4,Müşteri_Bilgileri!$A$2:$C$6,2,FALSE) -> İzmir | K4: =IF(I4="Ödendi","Kapandı",IF(H4<TODAY(),"Gecikmiş","Bekliyor")) -> Bekliyor | L4: Ödenen Tutar | M4: Bekleyen Tutar | N4: Gecikmiş Fatura Sayısı | P4: Tahsilat Oranı
A5: INV-1004 | B5: 25.08.2026 | C5: Deniz AŞ | D5: Danışmanlık | E5: 3 | F5: 3000 | G5: =E5*F5 -> 9000 | H5: 46265 | I5: Bekliyor | J5: =VLOOKUP(C5,Müşteri_Bilgileri!$A$2:$C$6,2,FALSE) -> Bursa | K5: =IF(I5="Ödendi","Kapandı",IF(H5<TODAY(),"Gecikmiş","Bekliyor")) -> Gecikmiş | L5: =SUMIFS(G2:G7,I2:I7,"Ödendi") -> 5500 | M5: =SUMIFS(G2:G7,I2:I7,"Bekliyor") -> 27000 | N5: =COUNTIFS(H2:H7,"<"&TODAY(),I2:I7,"Bekliyor") -> 3 | P5: =SUMIFS(Table1[Toplam_Tutar],Table1[Odeme_Durumu],"Ödendi")/SUM(Table1[Toplam_Tutar]) -> 0.16923077
A6: INV-1005 | B6: 27.08.2026 | C6: Atlas Ltd | D6: Ofis | E6: 20 | F6: 150 | G6: =E6*F6 -> 3000 | H6: 46275 | I6: Ödendi | J6: =VLOOKUP(C6,Müşteri_Bilgileri!$A$2:$C$6,2,FALSE) -> İstanbul | K6: =IF(I6="Ödendi","Kapandı",IF(H6<TODAY(),"Gecikmiş","Bekliyor")) -> Kapandı
A7: INV-1006 | B7: 28.08.2026 | C7: Eksen Ltd | D7: Bakım | E7: 4 | F7: 1250 | G7: =E7*F7 -> 5000 | H7: 46267 | I7: Bekliyor | J7: =VLOOKUP(C7,Müşteri_Bilgileri!$A$2:$C$6,2,FALSE) -> İstanbul | K7: =IF(I7="Ödendi","Kapandı",IF(H7<TODAY(),"Gecikmiş","Bekliyor")) -> Gecikmiş

Sheet Müşteri_Bilgileri
A1: Müşteri | B1: Şehir | C1: Vade_Günü
A2: Atlas Ltd | B2: İstanbul | C2: 30
A3: Mavi AŞ | B3: Ankara | C3: 15
A4: Nova Ltd | B4: İzmir | C4: 30
A5: Deniz AŞ | B5: Bursa | C5: 20
A6: Eksen Ltd | B6: İstanbul | C6: 45
